{"train/loss": -0.0288, "train/grad_norm": 0.3107685148715973, "train/learning_rate": 3.4482758620689657e-05, "train/epoch": 0.05, "train/global_step": 60, "_timestamp": 1718383347.8794522, "_runtime": 48.85218334197998, "_step": 5, "_wandb": {"runtime": 52}}