{"train/loss": 2.6058, "train/grad_norm": 2.318359375, "train/learning_rate": 0.0, "train/epoch": 1.0, "train/global_step": 125, "_timestamp": 1718298413.84129, "_runtime": 124.76128005981445, "_step": 5, "train_runtime": 125.5514, "train_samples_per_second": 7.965, "train_steps_per_second": 0.996, "total_flos": 4458270509137920.0, "train_loss": 2.7587271728515623, "_wandb": {"runtime": 124}}