{"train/loss": 7.5104, "train/grad_norm": 5.21484375, "train/learning_rate": 0.00018550053929480202, "train/epoch": 0.2, "train/global_step": 25, "_timestamp": 1718297915.146209, "_runtime": 83.09514999389648, "_step": 0, "_wandb": {"runtime": 94}}