{"train/loss": -0.6956, "train/grad_norm": 2.0114755630493164, "train/learning_rate": 0.00019985334138511237, "train/epoch": 0.17, "train/global_step": 50, "_timestamp": 1718936994.0912127, "_runtime": 47.62833285331726, "_step": 1, "_wandb": {"runtime": 52}}